Rank,Player,Team,Positions,ESPN,CBS,Yahoo,RTS,NFBC,FT,AVG
1,Ronald Acuna Jr.,ATL,"LF,CF,RF",2,1,1,1,1,1,1
2,Fernando Tatis Jr.,SD,SS,4,3,2,2,2,2,2.2
3,Mookie Betts,LAD,"CF,RF",1,2,3,3,4,3,3
4,Juan Soto,WSH,"LF,RF",6,5,4,4,3,4,4
5,Mike Trout,LAA,CF,3,4,5,5,6,5,5
6,Jacob deGrom,NYM,SP,7,6,6,6,5,6,6.2
7,Gerrit Cole,NYY,SP,5,8,7,7,7,7,7.2
8,Trea Turner,WSH,SS,8,7,8,8,8,9,8.2
9,Shane Bieber,CLE,SP,10,9,10,9,9,8,9.4
10,Jose Ramirez,CLE,"3B,DH",11,10,12,10,10,10,10.2
11,Freddie Freeman,ATL,1B,9,13,11,12,13,11,12
12,Christian Yelich,MIL,"LF,RF",13,11,9,13,11,12,12
13,Trevor Story,COL,SS,15,12,13,11,12,14,12.4
14,Trevor Bauer,LAD,SP,14,14,14,14,14,13,14
15,Cody Bellinger,LAD,"1B,CF,RF",12,16,19,15,15,15,14.6
16,Francisco Lindor,NYM,SS,16,15,15,16,19,19,16.2
17,Yu Darvish,SD,SP,19,18,18,17,16,16,17
18,Bryce Harper,PHI,"RF,DH",17,17,17,18,18,17,17.2
19,Lucas Giolito,CWS,SP,24,20,21,20,17,18,19.2
20,Manny Machado,SD,"3B,SS",18,19,16,21,20,21,19.8
21,Walker Buehler,LAD,SP,20,26,20,19,21,20,20
22,Aaron Nola,PHI,SP,25,24,23,23,22,22,22.8
23,Max Scherzer,WSH,SP,21,23,24,25,25,23,24
24,Bo Bichette,TOR,"DH,SS",31,31,22,26,23,25,25.4
25,DJ LeMahieu,NYY,"1B,2B,3B",26,21,29,22,26,26,25.8
26,Corey Seager,LAD,SS,22,22,37,31,28,38,28
27,Luis Castillo,CIN,SP,36,28,38,27,27,24,28.4
28,Anthony Rendon,LAA,3B,28,25,28,34,38,29,28.8
29,Adalberto Mondesi,KC,SS,65,29,27,24,24,46,30
30,Clayton Kershaw,LAD,SP,32,27,26,32,33,28,30.4
31,Xander Bogaerts,BOS,SS,23,33,25,33,31,33,31
32,Jack Flaherty,STL,SP,34,32,31,30,29,27,31.2
33,Nolan Arenado,STL,3B,30,36,30,35,42,31,32.4
34,Alex Bregman,HOU,"3B,SS",27,30,32,41,45,34,32.8
35,Kyle Tucker,HOU,"LF,RF,DH",33,42,48,37,30,35,35.4
36,Ozzie Albies,ATL,2B,39,35,33,36,34,30,35.4
37,Brandon Woodruff,MIL,SP,37,44,50,38,32,32,36.6
38,Jose Abreu,CWS,1B,38,38,35,29,37,39,37.4
39,Luis Robert,CWS,CF,42,48,34,39,35,37,37.4
40,Rafael Devers,BOS,3B,35,39,36,45,40,42,38.4
41,Whit Merrifield,KC,"2B,CF,RF",43,34,40,28,36,44,39.4
42,Marcell Ozuna,ATL,"LF,DH",29,37,39,40,43,41,40
43,Blake Snell,SD,SP,46,41,49,43,44,36,44.6
44,Aaron Judge,NYY,"CF,DH,RF",41,40,41,50,51,52,44.6
45,Tim Anderson,CWS,SS,48,47,45,47,41,53,45.6
46,Pete Alonso,NYM,"1B,DH",44,43,47,51,53,45,46
47,Kenta Maeda,MIN,"SP,RP",49,45,61,46,47,48,47
48,J.T. Realmuto,PHI,"1B,C",47,50,52,42,39,50,48.2
49,Tyler Glasnow,TB,SP,45,51,54,48,46,40,48.8
50,George Springer,TOR,"CF,RF",50,46,44,52,50,47,49
51,Vladimir Guerrero Jr.,TOR,"1B,3B,DH",40,52,43,54,48,49,49.2
52,Lance Lynn,CWS,SP,53,53,65,55,52,43,51.2
53,Starling Marte,MIA,CF,52,49,42,53,49,58,52.2
54,Josh Hader,MIL,RP,51,61,53,56,57,57,54.8
55,Liam Hendriks,CWS,RP,57,59,51,49,55,62,56.8
56,Corbin Burnes,MIL,"SP,RP",60,57,60,57,54,51,57.6
57,Gleyber Torres,NYY,"2B,SS",54,58,58,67,59,59,57.6
58,Randy Arozarena,TB,"DH,LF,RF",64,62,55,58,56,60,58.2
59,Stephen Strasburg,WSH,SP,74,54,63,59,64,61,60.2
60,Cavan Biggio,TOR,"2B,3B,RF",77,64,71,60,60,54,61.8
61,Eugenio Suarez,CIN,"3B,SS",59,63,62,69,61,65,62
62,Hyun Jin Ryu,TOR,SP,61,68,67,61,69,56,65.2
63,Brandon Lowe,TB,"1B,2B,RF",63,78,73,64,62,68,66
64,Max Fried,ATL,SP,72,75,89,65,67,55,66.8
65,Aroldis Chapman,NYY,RP,67,74,70,62,66,80,67.8
66,Ketel Marte,ARI,"2B,SS,CF",55,56,72,78,72,71,69.8
67,Michael Conforto,NYM,"CF,RF",56,79,74,66,68,64,70.2
68,Paul Goldschmidt,STL,1B,69,71,69,70,89,73,70.4
69,Keston Hiura,MIL,"1B,2B,DH",94,77,66,79,65,70,71.4
70,Charlie Blackmon,COL,RF,66,72,77,75,87,72,72.4
71,Luke Voit,NYY,1B,87,82,59,63,73,110,72.8
72,Kyle Hendricks,CHC,SP,68,73,79,73,78,63,74.2
73,Zach Plesac,CLE,SP,102,60,99,76,74,66,75
74,Nick Castellanos,CIN,"LF,RF",58,67,75,86,75,78,76.2
75,Javier Baez,CHC,SS,62,86,56,88,63,83,76.4
76,Jose Berrios,MIN,SP,70,70,85,84,81,67,78
77,Yordan Alvarez,HOU,"LF,DH",83,69,57,74,79,91,79.2
78,Trent Grisham,SD,"LF,CF,RF",79,84,87,81,70,74,81
79,Teoscar Hernandez,TOR,"LF,CF,RF",76,100,83,80,77,92,81.6
80,Matt Olson,OAK,1B,81,66,91,89,85,69,83
81,Edwin Diaz,NYM,RP,85,87,81,72,71,90,83
82,Austin Meadows,TB,"DH,LF,RF",97,81,88,91,82,82,84.8
83,Zac Gallen,ARI,SP,120,106,76,68,58,146,85.6
84,Salvador Perez,KC,"C,DH",82,99,96,77,76,104,86
85,Nelson Cruz,MIN,DH,92,80,64,82,92,86,86.4
86,Jose Altuve,HOU,2B,78,55,82,99,90,84,86.6
87,Zack Wheeler,PHI,SP,90,83,102,92,96,79,88
88,Lourdes Gurriel Jr.,TOR,"2B,LF",84,89,86,98,84,97,88
89,Ian Anderson,ATL,SP,127,91,104,83,94,75,89.4
90,Sonny Gray,CIN,SP,101,111,90,85,80,93,89.8
91,J.D. Martinez,BOS,"LF,RF,DH",91,94,78,101,91,76,91
92,Anthony Rizzo,CHC,1B,75,95,80,96,98,87,91.2
93,Zack Greinke,HOU,SP,95,65,92,94,99,77,91.4
94,Raisel Iglesias,LAA,RP,98,112,84,87,86,102,91.4
95,Yoan Moncada,CWS,3B,104,93,68,106,83,81,93.4
96,Max Muncy,LAD,"1B,2B,3B",80,97,101,95,93,88,94.8
97,Chris Paddack,SD,SP,89,92,116,110,103,89,96.6
98,Matt Chapman,OAK,3B,93,96,97,122,109,94,97.8
99,Jeff McNeil,NYM,"2B,3B,LF,RF",73,98,103,105,88,99,98.6
100,Will Smith,LAD,C,86,121,108,90,97,114,99
101,Jesus Luzardo,OAK,"SP,RP",96,110,112,102,95,85,103
102,James Karinchak,CLE,RP,129,105,94,97,105,116,103.4
103,Dansby Swanson,ATL,SS,103,109,114,108,101,105,105.2
104,Brad Hand,WSH,RP,126,104,100,93,114,119,106
105,Ryan Pressly,HOU,RP,106,113,107,103,106,131,107
106,Dinelson Lamet,SD,SP,105,107,111,71,102,113,107.6
107,Charlie Morton,ATL,SP,122,102,113,111,110,103,107.8
108,Giancarlo Stanton,NYY,"LF,DH",116,85,93,117,112,108,109.2
109,Alec Bohm,PHI,"1B,3B",117,142,106,118,104,106,110.2
110,Mike Yastrzemski,SF,"LF,CF,RF",100,138,105,116,139,101,112
111,Kenley Jansen,LAD,RP,113,103,98,109,120,122,113.4
112,Dylan Bundy,LAA,SP,121,115,109,112,113,98,114
113,Eloy Jimenez,CWS,LF,233,76,46,44,175,,114.8
114,Kris Bryant,CHC,"1B,3B,CF,LF,RF",109,116,95,127,124,100,115.2
115,Mike Moustakas,CIN,"1B,2B,3B",118,119,120,125,111,112,116
116,Carlos Carrasco,NYM,"SP,RP",179,156,122,100,107,96,116.2
117,Willson Contreras,CHC,"C,DH",107,90,121,107,116,132,116.6
118,Julio Urias,LAD,"SP,RP",111,131,124,124,119,111,117.8
119,Eddie Rosario,CLE,"LF,RF",71,122,117,104,100,150,118.6
120,Trevor Rosenthal,OAK,RP,114,117,119,113,130,234,118.6
121,Carlos Correa,HOU,SS,108,88,123,129,118,118,119.2
122,Wil Myers,SD,"1B,LF,CF,RF",110,123,110,128,127,151,119.6
123,Dominic Smith,NYM,"1B,LF",136,124,125,114,122,117,120.4
124,Lance McCullers Jr.,HOU,SP,132,118,126,130,115,109,124.2
125,Patrick Corbin,WSH,SP,130,101,137,123,136,95,125.4
126,Yasmani Grandal,CWS,"C,1B",125,125,128,115,126,124,125.6
127,Joey Gallo,TEX,"LF,CF,RF",115,114,142,153,145,120,127.2
128,Byron Buxton,MIN,CF,131,129,127,121,108,135,128.6
129,Alex Verdugo,BOS,"LF,CF,RF",134,128,130,137,129,126,129.4
130,Joe Musgrove,SD,SP,140,134,115,134,121,123,130.4
131,Sandy Alcantara,MIA,SP,163,126,155,132,132,115,132
132,Marcus Semien,TOR,"2B,SS",112,135,139,144,123,121,132.4
133,Ke'Bryan Hayes,PIT,3B,147,127,138,136,131,133,133
134,Tommy Pham,SD,"CF,DH,LF",145,139,118,126,138,158,133.2
135,Josh Bell,WSH,"1B,DH",119,108,147,138,141,128,134.6
136,Sixto Sanchez,MIA,SP,153,132,135,131,133,107,136.8
137,Kevin Gausman,SF,"SP,RP",160,152,131,142,135,127,137.4
138,Pablo Lopez,MIA,SP,156,153,144,139,128,129,138.6
139,Rhys Hoskins,PHI,1B,128,145,136,163,157,130,139.2
140,Travis d'Arnaud,ATL,"C,1B",135,146,132,119,134,152,139.8
141,Jorge Soler,KC,"RF,DH",169,133,129,175,140,143,142.8
142,Gary Sanchez,NYY,C,142,136,148,140,154,162,144
143,Michael Brantley,HOU,"LF,RF,DH",99,147,152,143,147,139,145.6
144,Corey Kluber,NYY,SP,144,141,163,146,168,138,146.4
145,Tommy Edman,STL,"2B,3B,SS,LF,RF",149,154,149,148,125,137,147.4
146,Kyle Lewis,SEA,"CF,RF",164,140,154,141,144,125,148.6
147,Ramon Laureano,OAK,"CF,RF",133,151,156,154,142,140,148.6
148,Trey Mancini,BAL,"1B,DH,LF,RF",138,143,214,150,158,154,148.6
149,Victor Robles,WSH,"CF,RF",139,164,161,147,137,220,149.6
150,Eric Hosmer,SD,1B,141,155,169,164,146,142,149.6
151,Franmil Reyes,CLE,"RF,DH",165,158,145,159,149,147,151.6
152,Dylan Moore,SEA,"2B,3B,SS,LF,RF",171,144,140,135,117,174,152.8
153,Ian Happ,CHC,"2B,3B,LF,CF",123,163,150,169,152,144,155.6
154,Shohei Ohtani,LAA,"SP,DH",88,130,184,160,169,145,157.6
155,Didi Gregorius,PHI,SS,124,169,157,152,153,157,157.6
156,Ryan Mountcastle,BAL,"1B,DH,LF",155,186,162,167,148,156,157.6
157,Gio Urshela,NYY,"3B,SS",143,137,173,155,159,165,159
158,Anthony Santander,BAL,"CF,DH,LF,RF",137,172,168,157,156,148,160.2
159,Devin Williams,MIL,RP,157,167,134,172,173,221,160.6
160,Alex Colome,MIN,RP,174,150,133,145,165,176,162
161,Dylan Carlson,STL,"LF,CF,RF",166,189,171,166,150,163,163.2
162,Will Smith,ATL,RP,146,148,,151,189,193,165.4
163,Marco Gonzales,SEA,SP,159,185,164,158,163,136,165.8
164,Craig Kimbrel,CHC,RP,178,173,153,165,167,233,167.2
165,Mike Soroka,ATL,SP,191,177,167,168,174,153,167.8
166,Clint Frazier,NYY,"LF,RF",190,157,194,170,164,166,169.4
167,Christian Vazquez,BOS,"C,1B",172,191,159,133,143,183,169.6
168,Frankie Montas,OAK,SP,180,187,151,183,155,141,171.2
169,Rafael Montero,SEA,RP,175,176,158,177,181,215,173.4
170,Max Kepler,MIN,"CF,RF",161,174,206,197,178,164,174.8
171,Dallas Keuchel,CWS,SP,182,162,182,187,198,161,174.8
172,Chris Bassitt,OAK,SP,211,220,160,178,179,149,175.4
173,Tyler Mahle,CIN,SP,215,175,172,201,162,168,175.6
174,Andres Gimenez,CLE,"2B,3B,SS",216,193,178,161,151,199,176.4
175,German Marquez,COL,SP,148,195,185,194,171,134,178.6
176,Josh Donaldson,MIN,3B,186,149,166,196,180,170,179.6
177,Miguel Sano,MIN,"1B,3B",173,178,193,206,184,171,179.8
178,Nick Solak,TEX,"2B,3B,LF,CF",152,231,223,191,160,177,180.6
179,AJ Pollock,LAD,"LF,CF,DH",177,237,176,173,187,194,181.4
180,David Price,LAD,"RP,SP",240,188,165,181,205,169,181.6
181,Triston McKenzie,CLE,SP,223,192,186,180,190,167,183
182,Jameson Taillon,NYY,SP,201,165,233,188,191,172,183.4
183,Jose Urquidy,HOU,SP,189,181,187,198,185,175,183.4
184,Zach Eflin,PHI,SP,183,229,177,207,177,187,186.2
185,James McCann,NYM,"1B,C",204,166,189,149,166,208,186.6
186,Kyle Schwarber,WSH,LF,167,199,208,228,183,180,187.4
187,Justin Turner,LAD,"3B,DH",158,170,183,199,194,195,188.2
188,Nick Madrigal,CWS,2B,154,161,240,210,182,292,189.4
189,Marcus Stroman,NYM,SP,181,184,190,208,186,159,189.8
190,Jake Cronenworth,SD,"1B,2B,SS",238,190,195,189,193,185,190.4
191,Aaron Civale,CLE,SP,200,179,201,209,170,155,191.8
192,Jordan Romano,TOR,RP,187,168,174,182,313,251,192.4
193,Framber Valdez,HOU,"SP,RP",,264,141,162,203,204,194.8
194,Jean Segura,PHI,"2B,3B,SS",162,200,207,215,172,186,196
195,Sean Murphy,OAK,C,235,209,203,174,161,286,196.4
196,Jarred Kelenic,SEA,"CF,LF",195,216,247,203,196,178,197.6
197,Andrew Heaney,LAA,SP,198,249,181,231,204,179,198.6
198,Dustin May,LAD,"SP,RP",209,223,175,190,201,160,199.6
199,Eduardo Rodriguez,BOS,SP,207,210,188,184,212,173,200.2
200,Jordan Hicks,STL,RP,184,160,180,200,213,225,200.4
201,Nick Anderson,TB,RP,266,183,143,156,257,435,201
202,Taylor Rogers,MIN,RP,212,259,179,176,195,244,201.2
203,Mitch Garver,MIN,C,224,180,225,192,197,260,203.6
204,James Paxton,SEA,SP,193,182,205,214,216,191,203.8
205,Andrew McCutchen,PHI,"LF,CF,DH",151,230,198,221,188,189,205.2
206,Richard Rodriguez,PIT,RP,208,225,192,195,206,254,205.2
207,David Fletcher,LAA,"2B,3B,SS,LF",203,208,204,256,215,205,207
208,Chris Taylor,LAD,"2B,SS,LF,CF",170,280,234,216,211,209,208
209,Jonathan Villar,NYM,"2B,3B,SS",,252,170,186,207,228,208.6
210,Drew Pomeranz,SD,"SP,RP",228,207,199,202,244,207,208.6
211,Christian Walker,ARI,"1B,DH",196,226,209,224,192,184,209.4
212,Cristian Javier,HOU,"RP,SP",250,197,231,227,223,192,214
213,Carlos Santana,KC,"1B,DH",188,196,301,237,267,188,215.2
214,Greg Holland,KC,RP,227,202,212,193,243,264,215.4
215,Austin Riley,ATL,"3B,LF",199,234,296,254,202,200,217.8
216,Jared Walsh,LAA,"1B,RF",268,198,248,225,210,213,218.8
217,Amir Garrett,CIN,RP,231,159,196,185,249,242,220.6
218,Andrew Vaughn,CWS,"1B,LF",192,171,250,218,235,210,221
219,C.J. Cron,COL,1B,168,212,220,213,217,245,221.4
220,Michael Pineda,MIN,SP,244,217,297,217,226,206,222
221,Matt Barnes,BOS,RP,234,211,202,222,222,223,222.4
222,Hunter Dozier,KC,"1B,3B,LF,RF",237,224,348,239,219,196,223
223,Raimel Tapia,COL,"LF,CF,DH",205,214,,205,229,267,224
224,Austin Nola,SD,"C,1B,2B",256,258,197,171,176,236,224.6
225,Gavin Lux,LAD,"2B,SS",194,243,224,242,220,182,224.6
226,Aaron Hicks,NYY,CF,202,204,334,249,241,227,224.6
227,Mitch Haniger,SEA,"CF,DH,RF",222,228,319,236,232,216,226.8
228,Sean Manaea,OAK,SP,176,236,236,244,236,198,230
229,John Means,BAL,SP,282,219,290,238,214,197,230
230,Jesse Winker,CIN,"LF,CF,RF,DH",252,233,221,247,200,203,231.2
231,Jordan Montgomery,NYY,SP,221,244,,273,208,212,231.6
232,Nick Senzel,CIN,"2B,CF",242,205,,240,224,257,233.6
233,Paul DeJong,STL,SS,214,248,268,250,221,235,233.6
234,Andrew Benintendi,KC,"LF,CF",185,256,242,251,209,211,233.8
235,Daulton Varsho,ARI,"C,LF,CF",,290,210,179,233,259,234.2
236,Jorge Polanco,MIN,"2B,SS",210,239,283,267,230,230,235.2
237,Ha-Seong Kim,SD,"2B,3B,SS",,287,235,204,272,181,235.8
238,Ryan McMahon,COL,"1B,2B,3B",217,245,,255,218,246,236.2
239,Domingo German,NYY,SP,232,194,222,220,261,255,238
240,Mark Canha,OAK,"1B,LF,CF,RF,DH",226,240,366,269,251,217,240.6
241,Joc Pederson,CHC,"1B,LF,RF,DH",150,246,244,223,255,237,241
242,Kyle Seager,SEA,3B,218,227,352,275,262,229,242.2
243,Randal Grichuk,TOR,"CF,RF",230,330,284,246,253,201,242.8
244,Leody Taveras,TEX,CF,254,268,251,226,199,224,244.6
245,Willi Castro,DET,"2B,3B,SS",309,215,386,253,225,226,245.6
246,Nathan Eovaldi,BOS,"SP,RP",248,289,246,298,234,218,247
247,Joakim Soria,ARI,RP,213,221,237,252,324,314,247.4
248,Kolten Wong,MIL,2B,229,213,,262,259,278,248.2
249,Brandon Nimmo,NYM,"LF,CF,RF",220,257,,289,254,222,248.4
250,Ty France,SEA,"1B,2B,3B,DH",278,222,312,211,269,269,249.8
251,Yadier Molina,STL,C,243,265,253,233,258,319,250.4
252,Zach Davies,CHC,SP,262,273,256,230,238,190,251.8
253,Buster Posey,SF,"C,1B",245,276,270,229,239,303,251.8
254,Bobby Dalbec,BOS,1B,271,241,314,241,260,252,253
255,Daniel Bard,COL,RP,267,235,232,261,276,308,254.2
256,Archie Bradley,PHI,RP,261,201,191,245,285,280,254.4
257,Tony Gonsolin,LAD,"SP,RP",280,254,217,279,242,202,254.4
258,Elieser Hernandez,MIA,"SP,RP",249,274,215,282,228,243,255.2
259,Ryan Yarbrough,TB,"SP,RP",258,279,249,296,247,248,256.2
260,Emilio Pagan,SD,RP,260,238,219,232,353,343,258.4
261,Freddy Peralta,MIL,"SP,RP",206,250,216,259,283,293,260.2
262,Noah Syndergaard,NYM,SP,247,253,288,280,307,240,261.6
263,Diego Castillo,TB,"SP,RP",265,206,218,234,297,299,262.6
264,Mark Melancon,SD,RP,276,277,200,212,273,291,265.8
265,Eduardo Escobar,ARI,"2B,3B",246,291,269,317,278,253,267.4
266,Brian Anderson,MIA,"3B,RF",225,218,358,293,245,732,267.8
267,Austin Hays,BAL,"CF,LF,RF",197,338,,314,231,270,270
268,J.D. Davis,NYM,"3B,LF,DH",419,251,274,345,248,232,270
269,Garrett Hampson,COL,"2B,SS,LF,CF",288,269,382,295,240,262,270.8
270,Chris Sale,BOS,SP,255,288,282,271,304,258,270.8
271,Lorenzo Cain,MIL,CF,257,303,272,349,266,266,272.8
272,Yuli Gurriel,HOU,"1B,3B",236,263,363,300,299,272,274
273,Jake McGee,SF,RP,241,260,241,302,342,365,277.2
274,David Peralta,ARI,LF,219,310,,315,263,282,277.8
275,Giovanny Gallegos,STL,RP,283,271,281,248,287,276,279.6
276,Anthony Bass,MIA,RP,285,242,213,258,298,318,280.2
277,Manuel Margot,TB,"LF,CF,RF",305,281,,268,250,300,280.8
278,Matthew Boyd,DET,SP,251,315,293,343,282,263,280.8
279,Taijuan Walker,NYM,SP,325,247,,304,268,261,281
280,Brady Singer,KC,SP,294,283,316,285,237,231,283
281,Jake Odorizzi,HOU,SP,281,300,,305,264,268,283.6
282,Carson Kelly,ARI,C,296,261,345,288,252,323,284
283,Nate Pearson,TOR,SP,324,318,,272,288,219,284.2
284,Wander Franco,TB,SS,273,272,333,270,274,704,284.4
285,Wilson Ramos,,"C,DH",290,323,374,243,265,317,287.6
286,Madison Bumgarner,ARI,SP,284,285,,277,314,289,289.8
287,Kwang Hyun Kim,STL,SP,,324,306,260,311,249,290
288,Jon Berti,MIA,"2B,3B,SS,CF,RF",373,293,298,292,284,284,290.2
289,Adam Wainwright,STL,SP,269,203,294,281,322,296,292.4
290,Robbie Ray,TOR,SP,303,304,292,283,289,238,294.2
291,Kole Calhoun,ARI,RF,,286,335,263,315,273,294.4
292,Victor Reyes,DET,"LF,CF,RF",,361,322,219,286,285,294.6
293,Jeimer Candelario,DET,"1B,3B",286,295,,341,256,298,295.2
294,Jorge Alfaro,MIA,C,,262,385,276,246,320,297.8
295,Cesar Hernandez,CLE,"2B,DH",253,325,300,399,331,281,298
296,Isiah Kiner-Falefa,TEX,"C,3B,SS",,350,229,311,281,326,299.4
297,Myles Straw,HOU,"SS,CF",315,292,384,257,302,333,299.8
298,Alex Dickerson,SF,LF,270,266,383,329,318,321,300.8
299,Tarik Skubal,DET,SP,338,278,,334,291,277,303.6
300,Hector Neris,PHI,RP,302,335,227,297,290,295,303.8
301,Joey Votto,CIN,1B,259,309,343,396,328,294,306.6
302,Tommy La Stella,SF,"1B,2B,3B",264,301,370,394,319,279,306.6
303,Michael Kopech,CWS,"RP,SP",297,305,,323,334,274,306.6
304,Dylan Cease,CWS,SP,312,297,,348,306,290,310.6
305,Mike Minor,KC,SP,287,359,,355,279,275,311
306,Brad Keller,KC,SP,340,320,,325,312,265,312.4
307,Alejandro Kirk,TOR,C,400,327,347,290,277,325,313.2
308,Bryan Reynolds,PIT,"LF,CF,RF",274,337,,357,292,309,313.8
309,Jurickson Profar,SD,"1B,2B,CF,LF,RF",329,,350,320,280,307,317.2
310,Jake Diekman,OAK,RP,320,,286,294,389,297,317.2
311,Justin Upton,LAA,LF,307,319,368,318,316,328,317.6
312,Tejay Antone,CIN,"SP,RP",,306,337,333,317,304,319.4
313,Jackie Bradley Jr.,MIL,"CF,LF,RF",277,,342,309,341,331,320
314,Pete Fairbanks,TB,RP,263,316,310,310,355,315,321.2
315,Rowdy Tellez,TOR,"1B,DH",,357,326,330,293,305,322.2
316,Adam Eaton,CWS,"LF,RF",333,302,329,388,335,329,325.6
317,Chris Martin,ATL,RP,300,343,226,340,340,306,325.8
318,Trevor Rogers,MIA,SP,336,317,273,266,349,369,328.8
319,Deivi Garcia,NYY,SP,,334,324,360,356,271,329
320,Casey Mize,DET,SP,304,341,,337,363,302,329.4
321,Luis Severino,NYY,SP,292,314,,356,374,312,329.6
322,MacKenzie Gore,SD,SP,327,340,,367,345,283,332.4
323,Danny Jansen,TOR,C,,368,303,324,308,359,332.4
324,Carlos Martinez,STL,"SP,RP",295,339,341,402,350,349,334.8
325,Cristian Pache,ATL,"CF,LF",291,353,289,319,366,348,335.4
326,Adam Ottavino,BOS,RP,239,321,267,344,365,388,337
327,Pedro Severino,BAL,"C,DH",,336,340,287,321,402,337.2
328,Joey Wendle,TB,"2B,3B,SS",417,371,380,307,320,322,340
329,Adam Duvall,MIA,"CF,LF,RF",328,,372,339,323,352,342.8
330,Kike Hernandez,BOS,"2B,SS,LF,CF,RF",275,354,291,359,336,380,344
331,Jonathan Schoop,DET,"1B,2B,DH",451,346,317,389,325,345,344.4
332,Wilmer Flores,SF,"1B,2B,3B,DH",317,,349,331,370,360,345.4
333,David Dahl,TEX,"CF,DH,LF,RF",,342,362,390,301,334,345.8
334,Roberto Osuna,,RP,,232,238,278,550,434,346.4
335,Caleb Smith,ARI,"RP,SP",279,360,,449,343,301,346.4
336,Elvis Andrus,OAK,SS,272,267,387,372,333,374,347.6
337,Jake Arrieta,CHC,SP,301,296,295,422,495,424,347.6
338,Hunter Renfroe,BOS,"LF,RF",316,352,357,442,359,357,348.2
339,Tom Murphy,SEA,C,,307,377,363,303,397,349.4
340,Tanner Houck,BOS,SP,434,,304,284,413,313,349.6
341,Starlin Castro,WSH,"2B,3B",,299,360,405,344,351,351.8
342,Yimi Garcia,MIA,RP,,349,245,438,382,353,353.4
343,Tyler O'Neill,STL,LF,,355,325,347,351,391,353.8
344,Luis Arraez,MIN,"2B,3B,LF",344,,275,395,393,364,354.2
345,Bobby Witt Jr.,KC,SS,322,298,379,354,442,420,354.6
346,J.A. Happ,MIN,SP,,367,308,409,352,339,355
347,Alex Reyes,STL,RP,361,,332,378,361,344,355.2
348,Adley Rutschman,BAL,C,334,333,367,336,447,407,355.4
349,Chris Archer,TB,SP,337,294,,384,388,376,355.8
350,Corey Dickerson,TOR,LF,314,331,,445,348,355,358.6
351,Zack Britton,NYY,RP,412,,239,326,440,393,362
352,Jason Heyward,CHC,"CF,RF",313,,255,465,415,386,366.8
353,Jose Iglesias,LAA,"SS,DH",339,313,,303,429,459,368.6
354,Alex Kirilloff,MIN,"1B,LF,RF",,255,,264,271,256,261.5
355,Drew Smyly,ATL,SP,,284,,299,227,241,262.8
356,Maikel Franco,BAL,3B,,356,353,365,375,409,371.6
357,Trevor May,NYM,RP,298,,299,381,469,413,372
358,Gregory Soto,DET,"SP,RP",,308,336,377,397,444,372.4
359,Willy Adames,MIL,SS,,362,381,476,337,316,374.4
360,Chad Green,NYY,"SP,RP",299,,276,374,490,445,376.8
361,Blake Treinen,LAD,RP,310,347,328,426,411,405,383.4
362,Tanner Scott,BAL,RP,,312,339,391,407,481,386
363,Donovan Solano,SF,"2B,3B,SS",353,,331,328,462,465,387.8
364,Garrett Crochet,CWS,RP,306,,287,417,483,449,388.4
365,Johnny Cueto,SF,SP,350,,302,401,486,427,393.2
366,Jon Lester,WSH,SP,377,,313,364,511,425,398
367,Miguel Cabrera,DET,"1B,DH",331,364,279,416,474,408,398.6
368,Griffin Canning,LAA,SP,,270,,382,296,250,299.5
369,Yusei Kikuchi,SEA,SP,,329,,316,275,288,302
370,Stefan Crichton,ARI,RP,,,260,306,326,324,304
371,Justus Sheffield,SEA,SP,,348,,352,300,239,309.8
372,Brusdar Graterol,LAD,RP,380,,257,486,494,441,411.6
373,Tyler Duffey,MIN,RP,389,,265,452,529,436,414.2
374,Omar Narvaez,MIL,C,,322,,308,305,387,330.5
375,Ian Kennedy,TEX,RP,,328,354,414,525,527,429.6
376,Yasiel Puig,,RF,308,,,301,395,347,337.8
377,Jesus Aguilar,MIA,"1B,DH",,344,,373,332,340,347.3
378,Kevin Pillar,NYM,"CF,LF,RF",359,,259,,436,338,348
379,Alec Mills,CHC,"SP,RP",,311,278,,434,371,348.5
380,Mauricio Dubon,SF,"2B,3B,CF,SS",,,388,418,270,330,351.5
381,Yan Gomes,WSH,C,,,378,335,295,411,354.8
382,Brandon Belt,SF,"1B,LF",,,344,370,372,341,356.8
383,Amed Rosario,CLE,"CF,SS",,,389,369,338,336,358
384,Jose Quintana,LAA,"SP,RP",,326,,403,381,361,367.8
385,Jo Adell,LAA,RF,,,376,342,377,378,368.3
386,A.J. Puk,OAK,RP,,,351,421,354,358,371
387,Nick Wittgren,CLE,RP,,,307,351,394,437,372.3
388,Willie Calhoun,TEX,"LF,DH",,370,,400,385,346,375.3
389,Austin Slater,SF,"1B,CF,DH,LF,RF",,,330,362,414,398,376
390,Hunter Harvey,BAL,RP,,,365,350,408,385,377
391,Nick Ahmed,ARI,SS,,,346,435,383,356,380
392,Rich Hill,TB,SP,,363,,385,398,384,382.5
393,Scott Kingery,PHI,"2B,3B,SS,LF,CF",,,371,425,368,367,382.8
394,Gregory Polanco,PIT,RF,,365,,379,364,428,384
395,Lucas Sims,CIN,"SP,RP",,,364,428,379,372,385.8
396,Brandon Kintzler,PHI,RP,,,261,313,476,499,387.3
397,Jazz Chisholm Jr.,MIA,"2B,SS",,,375,392,387,396,387.5
398,Kurt Suzuki,LAA,C,,,311,338,403,503,388.8
399,Colin Moran,PIT,"1B,2B,3B,DH",,372,373,,433,401,394.8
400,Aaron Bummer,CWS,RP,,,266,419,477,430,398
401,Seth Lugo,NYM,"SP,RP",,,262,462,487,389,400
402,Brendan Rodgers,COL,"2B,SS",,369,,393,399,440,400.3
403,Victor Gonzalez,LAD,RP,368,,243,485,671,638,481
404,Adam Frazier,PIT,"2B,LF",289,,,496,417,423,406.3
405,Jonathan Hernandez,TEX,RP,,,264,415,478,473,407.5
406,Max Stassi,LAA,C,,345,,478,346,468,409.3
407,Josh Rojas,ARI,"2B,LF,RF,SS",,,359,366,437,477,409.8
408,Kevin Newman,PIT,"2B,SS",321,,,455,425,442,410.8
409,Rafael Dolis,TOR,RP,,,327,408,485,438,414.5
410,Garrett Cooper,MIA,"1B,RF,DH",,373,,436,446,404,414.8
411,Steven Matz,TOR,SP,,351,,424,455,433,415.8
412,Mike Brosseau,TB,"1B,2B,3B",,,361,434,402,472,417.3
413,Josh Staumont,KC,RP,,,338,477,465,412,423
414,Martin Maldonado,HOU,C,,,277,456,452,508,423.3
415,Joey Bart,SF,C,466,,,361,438,431,424
416,Julio Rodriguez,SEA,RF,378,,,235,564,545,430.5
417,Marwin Gonzalez,BOS,"1B,2B,3B,LF,RF,SS",390,,,457,412,463,430.5
418,Dane Dunning,TEX,SP,,,,327,309,287,307.7
419,Rougned Odor,NYY,2B,,282,258,,466,728,433.5
420,Albert Pujols,LAD,"1B,DH",319,,228,,595,601,435.8
421,Jonathan India,CIN,"2B,3B",,366,,375,493,511,436.3
422,Asdrubal Cabrera,ARI,"1B,2B,3B,DH",,,315,501,475,458,437.3
423,Jeremy Jeffress,,RP,444,,230,,560,602,459
424,J.B. Wendelken,OAK,RP,,,323,406,556,569,463.5
425,Brent Suter,MIL,"SP,RP",,,320,473,530,549,468
426,Mitch Keller,PIT,SP,,,,439,327,311,359
427,Josh Lindblom,MIL,"RP,SP",,,,429,330,332,363.7
428,Sam Hilliard,COL,"3B,CF,LF,RF",,,,432,310,368,370
429,Edwin Rios,LAD,"1B,3B",,,356,,392,373,373.7
430,Kyle Gibson,TEX,"SP,RP",,,285,,459,381,375
431,Avisail Garcia,MIL,"CF,RF",,,,437,329,362,376
432,Nate Lowe,TEX,1B,,,,447,360,327,378
433,Spencer Turnbull,DET,SP,,,,458,367,310,378.3
434,Spencer Howard,PHI,SP,,,,407,404,337,382.7
435,Austin Barnes,LAD,"2B,C",356,,,479,509,622,491.5
436,Adbert Alzolay,CHC,SP,,,,472,358,342,390.7
437,Carter Kieboom,WSH,"3B,SS",,,369,,435,370,391.3
438,Ryan Jeffers,MIN,C,,,,387,339,452,392.7
439,Robbie Grossman,DET,"DH,LF,RF",,,,444,357,377,392.7
440,Nico Hoerner,CHC,"2B,3B,SS",354,,,,421,406,393.7
441,Justin Verlander,HOU,SP,332,,263,,782,606,495.8
442,Luke Weaver,ARI,SP,,,,450,384,366,400
443,Sam Huff,TEX,C,,,,286,430,487,401
444,Renato Nunez,BAL,"1B,3B,DH",,,,433,420,354,402.3
445,Miguel Rojas,MIA,SS,,358,,,396,456,403.3
446,Luis Patino,TB,"RP,SP",323,,,,489,400,404
447,Logan Gilbert,SEA,SP,,,,371,422,422,405
448,Garrett Richards,BOS,SP,,,,483,373,363,406.3
449,Josh Naylor,CLE,"1B,LF,RF",,,,446,386,392,408
450,Franchy Cordero,BOS,"LF,RF",,,,463,369,395,409
451,Miles Mikolas,STL,SP,,,,427,423,379,409.7
452,Tyler Stephenson,CIN,"1B,C",,,,353,391,488,410.7
453,Anthony DeSclafani,SF,SP,,,,471,371,394,412
454,Michael Wacha,TB,"SP,RP",,,,346,445,447,412.7
455,Niko Goodrum,DET,"1B,2B,SS,LF,CF,RF",,,355,,443,454,417.3
456,Merrill Kelly,ARI,SP,,,,453,424,375,417.3
457,Masahiro Tanaka,,SP,357,,,291,605,,417.7
458,Elias Diaz,COL,C,,,,383,347,523,417.7
459,Tanner Rainey,WSH,RP,,,,441,410,403,418
460,Bryan Garcia,DET,RP,,,,358,427,476,420.3
461,J.P. Crawford,SEA,SS,,,,475,409,383,422.3
462,Jacob Stallings,PIT,C,,,,398,378,506,427.3
463,Mitch Moreland,OAK,"1B,DH",,332,,,482,478,430.7
464,Randy Dobnak,MIN,"RP,SP",,,,376,451,469,432
465,Cal Quantrill,CLE,"SP,RP",,,,488,419,399,435.3
466,Ross Stripling,TOR,"SP,RP",,,,468,428,415,437
467,Emmanuel Clase,CLE,RP,,,,480,418,419,439
468,Cedric Mullins II,BAL,CF,,,,451,400,471,440.7
469,Logan Webb,SF,SP,,,,413,456,457,442
470,Brandon Crawford,SF,SS,,,280,,521,528,443
471,Willians Astudillo,MIN,"C,1B,3B",450,,,312,603,774,534.8
472,Carlos Rodon,CWS,SP,,,,469,470,410,449.7
473,Hanser Alberto,KC,"2B,3B,SS",,,305,,537,516,452.7
474,Francisco Mejia,TB,C,,,,423,406,531,453.3
475,Evan Longoria,SF,3B,,,,470,432,461,454.3
476,Daniel Hudson,WSH,RP,,,,322,506,539,455.7
477,Josh Fleming,TB,"RP,SP",,,,466,488,417,457
478,Taylor Trammell,SEA,"CF,LF",,,,368,504,505,459
479,Kohei Arihara,TEX,SP,,,,459,491,439,463
480,Jon Gray,COL,SP,,,,498,472,421,463.7
481,Mike Foltynewicz,TEX,SP,,,,430,519,450,466.3
482,Joshua Fuentes,COL,"1B,3B",,,,464,468,475,469
483,Jose Alvarado,PHI,RP,,,,410,492,507,469.7
484,Khris Davis,,DH,,,,443,510,460,471
485,Roberto Perez,CLE,C,,,,397,444,573,471.3
486,Harrison Bader,STL,CF,,,,482,448,484,471.3
487,Ji-Man Choi,TB,1B,352,,,,536,543,477
488,David Bote,CHC,"2B,3B",,,,467,464,500,477
489,Daulton Jefferies,OAK,SP,,,,440,500,492,477.3
490,Matt Shoemaker,MIN,"RP,SP",,,,490,463,483,478.7
491,Victor Caratini,SD,"C,1B,DH",,,,420,450,570,480
492,Brett Gardner,NYY,"LF,CF",326,,,,553,563,480.7
493,Yoshi Tsutsugo,LAD,"1B,3B,DH,LF",,,,474,479,493,482
494,Shogo Akiyama,CIN,"LF,CF",,,,504,481,462,482.3
495,Spencer Torkelson,DET,"1B,3B",371,,,,540,538,483
496,Austin Gomber,COL,"SP,RP",,,,431,497,521,483
497,Tucker Barnhart,CIN,C,,,,448,460,547,485
498,Mike Mayers,LAA,RP,,,,404,518,534,485.3
499,Luis Torrens,SEA,C,,,,412,484,572,489.3
500,Kyle Freeland,COL,SP,,,,491,554,429,491.3
501,Kyle Higashioka,NYY,C,387,,,,499,592,492.7
502,Tim Locastro,ARI,"LF,CF,RF",,,,411,496,604,503.7
503,Alex Cobb,LAA,SP,,,,505,503,510,506
504,Evan White,SEA,1B,,,,,390,350,370
505,Steven Brault,PIT,"SP,RP",,,,492,516,540,516
506,Michael A. Taylor,KC,"LF,CF,RF",,,,481,501,567,516.3
507,Brandon Workman,BOS,RP,,,,332,559,661,517.3
508,Tyler Matzek,ATL,RP,,,309,,629,617,518.3
509,David Peterson,NYM,SP,,,,380,376,849,535
510,Shin-Soo Choo,,"LF,RF,DH",335,,,,599,625,519.7
511,Matt Carpenter,STL,"1B,2B,3B,DH",431,,,,584,557,524
512,A.J. Minter,ATL,RP,,,,484,547,561,530.7
513,Sean Doolittle,CIN,RP,481,,,,569,548,532.7
514,Luis Urias,MIL,"2B,3B,SS",,,,,380,418,399
515,Michael Lorenzen,CIN,"CF,RP",,,,,416,382,399
516,Chris Flexen,SEA,"SP,RP",,,,489,561,555,535
517,Odubel Herrera,PHI,"2B,CF",401,,,,573,644,539.3
518,Andrelton Simmons,MIN,SS,,,,,401,426,413.5
519,Luis Garcia,WSH,2B,,,,497,566,565,542.7
520,Oscar Mercado,CLE,"LF,CF,RF",,,,,405,432,418.5
521,Rowan Wick,CHC,RP,,,,509,552,580,547
522,Matt Foster,CWS,RP,,,271,,718,653,547.3
523,Daniel Ponce de Leon,STL,"SP,RP",,,,,458,390,424
524,Dee Strange-Gordon,CHC,"2B,LF",399,,,,607,670,558.7
525,Danny Duffy,KC,SP,,,,,461,414,437.5
526,Matt Bush,TEX,RP,,,,503,580,594,559
527,Drew Waters,ATL,"LF,CF",404,,,,630,646,560
528,Michael Chavis,BOS,"1B,2B,LF",,,,,431,448,439.5
529,Akil Baddoo,DET,"CF,DH,LF,RF",,,,460,592,630,560.7
530,Adrian Houser,MIL,"SP,RP",,,,,441,443,442
531,JaCoby Jones,DET,CF,,,,,426,464,445
532,JT Brubaker,PIT,SP,,,,,439,451,445
533,Stephen Piscotty,OAK,RF,,,,,449,470,459.5
534,Pavin Smith,ARI,"1B,CF,LF,RF",,,,500,625,595,573.3
535,Yandy Diaz,TB,"1B,3B",,,,,467,455,461
536,Kris Bubic,KC,"RP,SP",,,,,514,416,465
537,John Gant,STL,"RP,SP",,,,461,591,687,579.7
538,Kevin Kiermaier,TB,CF,,,,,454,485,469.5
539,Yusmeiro Petit,OAK,RP,,,254,,688,847,596.3
540,Nick Pivetta,BOS,"SP,RP",,,,,453,497,475
541,Joe Ross,WSH,"SP,RP",,,,508,594,650,584
542,Adrian Morejon,SD,"SP,RP",,,,,473,480,476.5
543,Julio Teheran,DET,SP,,,,487,601,669,585.7
544,Matt Manning,DET,SP,,,,,520,446,483
545,Matt Wisler,TB,"SP,RP",,,,495,613,662,590
546,Jay Bruce,,"1B,LF,RF,DH",,,,494,589,696,593
547,Antonio Senzatela,COL,SP,,,,,526,453,489.5
548,Kyle Wright,ATL,SP,,,,,513,466,489.5
549,Reyes Moronta,SF,RP,,,,,498,482,490
550,Alex Wood,SF,"SP,RP",,,,,505,494,499.5
551,Freddy Galvis,BAL,"2B,SS",,,,,471,536,503.5
552,Dean Kremer,BAL,SP,,,,,522,491,506.5
553,Nomar Mazara,DET,"DH,RF",,,,,480,535,507.5
554,John Curtiss,MIA,"SP,RP",,,321,,737,775,611
555,Justin Dunn,SEA,SP,,,,,546,486,516
556,Jose Trevino,TEX,C,,,,,457,586,521.5
557,Chad Kuhl,PIT,SP,,,,,545,501,523
558,Rio Ruiz,COL,"1B,2B,3B",,,,,535,512,523.5
559,Orlando Arcia,ATL,SS,,,,,507,541,524
560,Russell Martin,,C,467,,,,,582,524.5
561,Keegan Akin,BAL,SP,,,,,538,513,525.5
562,Miguel Andujar,NYY,"3B,LF",,,,,543,514,528.5
563,Jeter Downs,BOS,SS,,,,,532,525,528.5
564,Sergio Romo,OAK,RP,,,,386,674,802,620.7
565,Jared Oliva,PIT,LF,,,,,539,522,530.5
566,Roman Quinn,PHI,CF,,,,,502,560,531
567,Hansel Robles,MIN,RP,,,,321,742,845,636
568,William Contreras,ATL,C,367,,,,696,856,639.7
569,Mike Fiers,OAK,SP,,,,,568,502,535
570,Jake Lamb,CWS,"1B,3B,LF,RF",432,,,,642,804,626
571,Johan Camargo,ATL,"2B,3B,SS,LF,RF",429,,,,677,770,625.3
572,Scott Barlow,KC,RP,,,,,523,554,538.5
573,Joey Lucchesi,NYM,SP,,,,,544,533,538.5
574,Andrew Stevenson,WSH,"CF,LF,RF",,,,,527,551,539
575,Chad Pinder,OAK,"2B,3B,LF,RF",,,,,528,552,540
576,Todd Frazier,PIT,"1B,3B",385,,,,702,852,646.3
577,Chance Sisco,NYM,C,,,,,508,579,543.5
578,Edward Olivares,KC,"LF,CF,RF",,,,,534,556,545
579,DJ Stewart,BAL,"LF,RF",,,,,541,550,545.5
580,Enoli Paredes,HOU,RP,,,,507,648,742,632.3
581,Bartolo Colon,,SP,318,,,,,781,549.5
582,Pat Valaika,BAL,"1B,2B,SS",,,,,512,588,550
583,Matt Moore,PHI,"RP,SP",,,,,533,568,550.5
584,Mike Zunino,TB,C,,,,,515,590,552.5
585,Alex Young,ARI,"SP,RP",449,,,,869,658,658.7
586,Vince Velasquez,PHI,"SP,RP",,,,,549,558,553.5
587,Ryan Zimmerman,WSH,"1B,3B",347,,,,762,857,655.3
588,Isaac Paredes,DET,3B,,,,,565,546,555.5
589,Jason Castro,HOU,C,,,,,524,591,557.5
590,Trevor Cahill,PIT,"SP,RP",341,,,,775,867,661
591,Vidal Brujan,TB,2B,,,,,551,566,558.5
592,Clarke Schmidt,NYY,"P,RP,SP",,,,,567,553,560
593,Tyler Wade,NYY,"2B,3B,CF,LF,SS",411,,,,711,820,647.3
594,Travis Shaw,MIL,"1B,3B",,,,,517,615,566
595,Jasson Dominguez,NYY,CF,379,,,,,754,566.5
596,Jarren Duran,BOS,CF,,,,,555,583,569
597,Luis Campusano,SD,C,,,,499,705,736,646.7
598,Zack Collins,CWS,"C,DH",,,,454,686,840,660
599,Joe Kelly,LAD,RP,343,,,,936,923,734
600,Mike Ford,TB,1B,391,,,,756,865,670.7
601,Lucas Luetge,NYY,RP,462,,,,1318,686,822
602,Brandon Marsh,LAA,"CF,RF",,,,,572,576,574
603,Edward Cabrera,MIA,"SP,RP",,,,,590,559,574.5
604,Joe Panik,MIA,"2B,3B,SS",392,,,,758,952,700.7
605,Domingo Santana,,"LF,RF",351,,,,867,,609
606,Nolan Jones,CLE,3B,,,,,571,585,578
607,Aaron Sanchez,SF,"SP,RP",,,,,548,610,579
608,Bryse Wilson,ATL,"SP,RP",,,,,574,587,580.5
609,Dexter Fowler,LAA,"CF,RF",,,,,586,575,580.5
610,Rusney Castillo,,"LF,CF,RF",365,,,,917,,641
611,Mike Tauchman,SF,"LF,CF,RF",,,,,558,608,583
612,Josh Jung,TEX,3B,,,,,598,571,584.5
613,Pablo Sandoval,ATL,"1B,3B,DH",369,,,,949,,659
614,Andrew Knizner,STL,C,,,,,531,641,586
615,Chris Davis,BAL,1B,372,,,,909,980,753.7
616,Adeiny Hechavarria,,"2B,3B,SS",375,,,,1211,,793
617,Corbin Martin,ARI,SP,,,,,596,581,588.5
618,Tyler Rogers,SF,RP,,,,,579,607,593
619,Darren O'Day,NYY,RP,386,,,,893,934,737.7
620,Daniel Murphy,,1B,388,,,,886,,637
621,Martin Perez,BOS,SP,,,,,600,589,594.5
622,Matt Harvey,BAL,SP,393,,,,817,880,696.7
623,Joe Ryan,TB,SP,439,,,,755,834,676
624,Aristides Aquino,CIN,"CF,LF,RF",,,,,577,621,599
625,Anthony Alford,PIT,"LF,CF",,,,,557,642,599.5
626,Shao-Ching Chiang,,"SP,RP",403,,,,1299,,851
627,Luis Guillorme,NYM,"2B,3B,SS",405,,,,826,871,700.7
628,Scott Oberg,COL,RP,,,,,570,636,603
629,Edwin Encarnacion,,"1B,DH",,,,,622,584,603
630,Hisashi Iwakuma,,SP,406,,,,1289,,847.5
631,CJ Abrams,SD,SS,407,,,,843,862,704
632,Patrick Sandoval,LAA,SP,,,,,597,612,604.5
633,Daniel Lynch,KC,SP,,,,,609,600,604.5
634,Jonathan Loaisiga,NYY,"SP,RP",,,,,587,627,607
635,Eric Thames,,"1B,DH,RF",414,,,,981,,697.5
636,Ronald Guzman,TEX,1B,,,,,585,632,608.5
637,Trevor Williams,CHC,SP,,,,,618,599,608.5
638,Yu Chang,CLE,"1B,3B,SS",421,,,,820,,620.5
639,Justin Smoak,,1B,422,,,,995,,708.5
640,Shane McClanahan,TB,"SP,RP",,,,,606,618,612
641,Tucker Davidson,ATL,SP,425,,,,1019,,722
642,Albert Almora Jr.,NYM,CF,426,,,,872,890,729.3
643,Wade Miley,CIN,SP,,,,,664,564,614
644,Leury Garcia,CWS,"2B,3B,CF,LF,RF,SS",,,,,611,619,615
645,Jose Osuna,,"1B,3B,RF",430,,,,980,,705
646,Brendan McKay,TB,"SP,DH",,,,,619,613,616
647,Sam Selman,SF,RP,433,,,,1029,,731
648,Joe Jimenez,DET,RP,,,,,578,657,617.5
649,Pedro Strop,,RP,435,,,,1259,854,849.3
650,Lewis Brinson,MIA,"LF,CF,RF",,,,,604,633,618.5
651,Billy Hamilton,CWS,"CF,LF",437,,,,802,981,740
652,Corey Knebel,LAD,RP,,,,,562,679,620.5
653,Anderson Tejeda,TEX,"3B,SS",,,,,576,665,620.5
654,Erik Gonzalez,PIT,"1B,3B,SS",,,,,583,663,623
655,Andrew Suarez,,RP,446,,,,1284,,865
656,Shun Yamaguchi,,RP,447,,,,1172,,809.5
657,Josh Harrison,WSH,"2B,3B",,,,,608,640,624
658,Cameron Maybin,NYM,"CF,LF,RF",448,,,,965,,706.5
659,Shed Long Jr.,SEA,"2B,LF",,,,,637,614,625.5
660,Jake Bauers,SEA,"1B,LF,RF",,,,,575,677,626
661,Ehire Adrianza,ATL,"1B,2B,3B,LF,RF,SS",452,,,,846,,649
662,Brent Honeywell Jr.,TB,SP,,,,,588,666,627
663,Brock Holt,TEX,"1B,2B,3B,LF,RF",454,,,,811,881,715.3
664,Billy McKinney,NYM,"1B,LF,RF",455,,,,1130,,792.5
665,Angel Rondon,STL,SP,457,,,,1219,,838
666,Colin Rea,,"RP,SP",458,,,,1213,,835.5
667,Jason Kipnis,,2B,459,,,,1008,,733.5
668,Wade Davis,KC,RP,461,,,,883,,672
669,Edmundo Sosa,STL,"2B,SS",463,,,,1036,,749.5
670,Andrew Miller,STL,RP,,,,,620,645,632.5
671,Oneil Cruz,PIT,SS,491,,,,777,805,691
672,Jesus Sanchez,MIA,"LF,RF",468,,,,857,848,724.3
673,Daniel Vogelbach,MIL,"1B,DH",,,,,658,611,634.5
674,Felix Hernandez,,SP,470,,,,916,885,757
675,Tomas Nido,NYM,C,471,,,,858,,664.5
676,Brad Miller,PHI,"1B,2B,3B,DH,LF,RF",,,,,623,649,636
677,Daniel Robertson,,"CF,LF,RF",472,,,,1085,921,826
678,Ryan Castellani,COL,SP,474,,,,988,,731
679,Austin Romine,CHC,C,,,,,581,695,638
680,Brett Anderson,MIL,SP,,,,,626,651,638.5
681,Jake Noll,WSH,1B,478,,,,1176,,827
682,Jordan Yamamoto,NYM,SP,480,,,,875,986,780.3
683,Brent Rooker,MIN,RF,,,,,627,656,641.5
684,Kyle Cody,TEX,"RP,SP",,,,,706,578,642
685,Marco Luciano,SF,SS,495,,,,907,790,730.7
686,Tony Wolters,CHC,C,485,,,,889,933,769
687,Dellin Betances,NYM,RP,499,,,,787,810,698.7
688,Keone Kela,SD,RP,,,,,593,693,643
689,Mychal Givens,COL,RP,,,,,612,676,644
690,Robinson Chirinos,NYY,C,488,,,,835,942,755
691,Trevor Larnach,MIN,"LF,RF",,,,,660,629,644.5
692,Melky Cabrera,,"LF,CF,RF",489,,,,1168,,828.5
693,Andrew Knapp,PHI,C,,,,,602,688,645
694,Chi Chi Gonzalez,COL,SP,490,,,,1271,,880.5
695,Derek Holland,DET,"SP,RP",493,,,,799,,646
696,Joely Rodriguez,TEX,RP,,,,,610,682,646
697,Eric Yardley,MIL,RP,,,,493,1217,,855
698,JJ Bleday,MIA,RF,,,,,675,620,647.5
699,Kyle Holder,NYY,SS,496,,,,1031,,763.5
700,John Nogowski,STL,1B,497,,,,1007,983,829
701,Luke Jackson,ATL,RP,498,,,,1046,,772
702,Kyle Crick,PIT,RP,,,,,582,717,649.5
703,Michael Fulmer,DET,"RP,SP",,,,,633,667,650
704,Sherten Apostel,TEX,1B,,,,502,841,925,756
705,Jose Barrero,CIN,SS,,,,,636,668,652
706,Mickey Moniak,PHI,"CF,LF",,,,506,806,912,741.3
707,Curt Casali,SF,C,,,,,624,683,653.5
708,Danny Santana,BOS,"1B,2B,3B,SS,LF,CF,RF",,,,,616,692,654
709,Nicky Lopez,KC,"2B,SS",,,,,670,643,656.5
710,Jonah Heim,TEX,C,,,,,614,705,659.5
711,Isan Diaz,MIA,"2B,3B",,,,,644,675,659.5
712,Darwinzon Hernandez,BOS,RP,,,,,628,699,663.5
713,Lewin Diaz,MIA,1B,,,,,676,654,665
714,Bobby Bradley,CLE,"1B,DH",,,,,667,664,665.5
715,Rick Porcello,,SP,,,,,643,690,666.5
716,Logan Allen,CLE,"SP,RP",,,,,542,793,667.5
717,Jaime Barria,LAA,"SP,RP",,,,,632,703,667.5
718,Royce Lewis,MIN,SS,,,,,662,680,671
719,Ender Inciarte,ATL,CF,,,,,646,697,671.5
720,Aledmys Diaz,HOU,"1B,2B,3B,LF",,,,,653,694,673.5
721,Adam Haseley,PHI,"LF,CF,RF",,,,,634,718,676
722,Josh Lowe,TB,"3B,CF",,,,,655,702,678.5
723,Monte Harrison,MIA,"CF,RF",,,,,638,721,679.5
724,Jesse Hahn,KC,RP,,,,,647,714,680.5
725,Daniel Johnson,CLE,RF,,,,,651,711,681
726,Kevin Plawecki,BOS,C,,,,,617,747,682
727,Tomoyuki Sugano,INT,P,,,,,654,713,683.5
728,Tyler Chatwood,TOR,"SP,RP",,,,,668,700,684
729,Kendall Graveman,SEA,RP,,,,,631,738,684.5
730,Reynaldo Lopez,CWS,SP,,,,,661,708,684.5
731,Cole Irvin,OAK,"SP,RP",,,,,768,603,685.5
732,Cole Hamels,,SP,,,,,639,734,686.5
733,Taylor Ward,LAA,"CF,LF,RF",,,,,700,673,686.5
734,Adam Engel,CWS,"CF,RF",,,,,640,739,689.5
735,Tyler Anderson,PIT,SP,,,,,683,698,690.5
736,Tanner Roark,ATL,SP,,,,,681,706,693.5
737,Jedd Gyorko,,"1B,3B",,,,,649,743,696
738,Jake Cave,MIN,"LF,CF,RF",,,,,673,722,697.5
739,Dom Nunez,COL,C,,,,,621,777,699
740,Bradley Zimmer,CLE,"LF,CF",,,,,669,731,700
741,Chase Anderson,PHI,"SP,RP",,,,,690,712,701
742,Josiah Gray,LAD,SP,,,,,692,710,701
743,Jordan Lyles,TEX,SP,,,,,720,685,702.5
744,Cesar Valdez,BAL,RP,,,,,635,773,704
745,Ryan Braun,,"LF,RF,DH",,,,,693,715,704
746,Santiago Espinal,TOR,"3B,SS",,,,,1060,609,834.5
747,Austin Voth,WSH,"RP,SP",,,,,657,756,706.5
748,Brailyn Marquez,CHC,RP,,,,,704,709,706.5
749,Daniel Norris,DET,"SP,RP",,,,,672,744,708
750,Yolmer Sanchez,ATL,"2B,3B",,,,,659,760,709.5
751,Lou Trivino,OAK,RP,,,,,666,753,709.5
752,Cole Tucker,PIT,"SS,CF,RF",,,,,663,759,711
753,Pedro Baez,HOU,RP,,,,,695,730,712.5
754,Jakob Junis,KC,"RP,SP",,,,,679,752,715.5
755,Jose Urena,DET,"SP,RP",,,,,656,780,718
756,Keibert Ruiz,LAD,C,,,,,650,787,718.5
757,Genesis Cabrera,STL,RP,,,,,710,729,719.5
758,Abraham Toro,HOU,"3B,DH",,,,,680,765,722.5
759,Lane Thomas,STL,"CF,RF",,,,,645,837,741
760,Jose De Leon,CIN,RP,,,,,652,795,723.5
761,Austin Adams,,RP,,,,,685,763,724
762,Tony Kemp,OAK,"2B,LF,CF",,,,,694,764,729
763,Josh Reddick,ARI,"LF,CF,RF",,,,,721,737,729
764,Andrew Kittredge,TB,"SP,RP",,,,,1201,660,930.5
765,Magneuris Sierra,MIA,CF,,,,,716,746,731
766,Shane Greene,ATL,RP,,,,,665,842,753.5
767,Tom Hatch,TOR,RP,,,,,684,784,734
768,Codi Heuer,CWS,RP,,,,,699,778,738.5
769,Kyle Farmer,CIN,"C,1B,2B,3B,SS",,,,,678,843,760.5
770,Jose Cisnero,DET,RP,,,,,682,814,748
771,Kevin Ginkel,ARI,RP,,,,,687,801,744
772,Austin Hedges,CLE,C,,,,,689,841,765
773,Yoenis Cespedes,,"DH,LF",,,,,707,783,745
774,Jackson Kowar,KC,SP,,,,,719,771,745
775,Demarcus Evans,TEX,RP,,,,,691,872,781.5
776,Seth Beer,ARI,"1B,LF",,,,,712,782,747
777,Jake Fraley,SEA,"CF,LF,RF",,,,,697,822,759.5
778,Connor Brogdon,PHI,RP,,,,,698,944,821
779,Nick Margevicius,SEA,"SP,RP",,,,,780,719,749.5
780,Mallex Smith,CIN,"CF,RF",,,,,724,776,750
781,Josh James,HOU,RP,,,,,734,767,750.5
782,David Bednar,PIT,RP,,,,,701,836,768.5
783,Andres Munoz,SEA,RP,,,,,703,807,755
784,Daz Cameron,DET,"CF,RF",,,,,765,740,752.5
785,Hirokazu Sawamura,BOS,"RP,SP",,,,,763,745,754
786,Manny Pina,MIL,C,,,,,708,953,830.5
787,Stephen Vogt,ARI,"C,LF",,,,,709,816,762.5
788,Ryan McBroom,KC,"1B,RF",,,,,752,758,755
789,Brian Goodwin,CWS,"LF,CF,RF",,,,,713,850,781.5
790,Jacob Nottingham,SEA,C,,,,,714,959,836.5
791,Seth Brown,OAK,"1B,LF,RF",,,,,726,789,757.5
792,Kyle Isbel,KC,"CF,RF",,,,,715,899,807
793,Jose Marmolejos,SEA,"1B,DH,LF",,,,,717,833,775
794,Colton Welker,COL,3B,,,,,779,741,760
795,Yusniel Diaz,BAL,"CF,RF",,,,,760,761,760.5
796,Collin McHugh,TB,"SP,RP",,,,,722,815,768.5
797,Pierce Johnson,SD,RP,,,,,723,813,768
798,Evan Marshall,CWS,RP,,,,,740,785,762.5
799,Yohan Ramirez,SEA,"SP,RP",,,,,753,772,762.5
800,Cam Gallagher,KC,C,,,,,725,904,814.5
801,Ty Buttrey,,RP,,,,,727,817,772
802,Jeff Hoffman,CIN,"SP,RP",,,,,728,970,849
803,Chris Stratton,PIT,"SP,RP",,,,,729,906,817.5
804,Julian Merryweather,TOR,"SP,RP",,,,,732,799,765.5
805,Sam Haggerty,SEA,LF,,,,,731,919,825
806,Jordan Balazovic,MIN,SP,,,,,733,916,824.5
807,Christian Arroyo,BOS,"2B,3B",,,,,735,903,819
808,Eric Lauer,MIL,SP,,,,,736,803,769.5
809,Nick Lodolo,CIN,SP,,,,,738,882,810
810,Darin Ruf,SF,"1B,LF",,,,,739,894,816.5
811,Chris Owings,COL,"2B,3B,SS,CF",,,,,741,956,848.5
812,Alek Manoah,TOR,SP,,,,,743,864,803.5
813,Chas McCormick,HOU,"CF,LF,RF",,,,,745,853,799
814,Delino DeShields,TEX,CF,,,,,746,879,812.5
815,Alex Avila,WSH,C,,,,,747,961,854
816,Jed Lowrie,OAK,"2B,DH",,,,,748,866,807
817,Phil Maton,CLE,RP,,,,,749,895,822
818,Ryan Pepiot,LAD,SP,,,,,1325,750,"1,037.50"
819,Felix Pena,LAA,"SP,RP",,,,,750,938,844
820,Nick Nelson,NYY,RP,,,,,1189,751,970
821,Jimmy Nelson,LAD,"SP,RP",,,,,751,927,839
822,Nolan Gorman,STL,3B,,,,,754,967,860.5
823,Dakota Hudson,STL,SP,,,,,757,907,832
824,Dustin Fowler,PIT,CF,,,,,759,876,817.5
825,Heliot Ramos,SF,CF,,,,,761,811,786
826,P.J. Higgins,CHC,C,,,,,1016,762,889
827,Ryan Helsley,STL,RP,,,,,764,936,850
828,Austin Allen,OAK,C,,,,,766,924,845
829,George Kirby,SEA,SP,,,,,834,766,800
830,Nick Gonzales,NCAA,2B,,,,,1177,768,972.5
831,Pedro Leon,HOU,"CF,LF",,,,,769,929,849
832,Eric Sogard,CHC,"2B,3B,RF",,,,,770,898,834
833,Tony Watson,LAA,RP,,,,,771,932,851.5
834,Matt Andriese,BOS,RP,,,,,772,901,836.5
835,Jhoan Duran,MIN,SP,,,,,773,990,881.5
836,Dylan Floro,MIA,RP,,,,,778,888,833
837,Tyler Naquin,CIN,"CF,LF,RF",,,,,784,988,886
838,Tyler Freeman,CLE,SS,,,,,785,860,822.5
839,Eli White,TEX,"CF,LF,RF",,,,,786,991,888.5
840,Kolby Allard,TEX,"RP,SP",,,,,796,792,794
841,Jorge Mateo,SD,"3B,CF,LF,RF",,,,,788,908,848
842,Bruce Zimmermann,BAL,SP,,,,,794,796,795
843,Tyler Clippard,ARI,"SP,RP",,,,,790,859,824.5
844,Tyler Beede,SF,SP,,,,,791,874,832.5
845,Matt Strahm,SD,"SP,RP",,,,,792,996,894
846,Max Meyer,MIA,SP,,,,,924,794,859
847,Ryan O'Hearn,KC,"1B,DH",,,,,795,863,829
848,Ryan Weathers,SD,"SP,RP",,,,,798,830,814
849,Dennis Santana,TEX,RP,,,,,1048,800,924
850,Ramon Urias,BAL,"2B,SS",,,,,800,914,857
851,Jake Marisnick,CHC,CF,,,,,801,992,896.5
852,Phillip Evans,PIT,"1B,3B,LF,RF",,,,,803,966,884.5
853,Josh VanMeter,ARI,"1B,2B,LF",,,,,804,909,856.5
854,Khalil Lee,NYM,"CF,RF",,,,,808,930,869
855,Chad Wallach,MIA,C,,,,,810,931,870.5
856,Austin Martin,TOR,"3B,SS",,,,,871,812,841.5
857,Bryan Abreu,HOU,RP,,,,,814,939,876.5
858,Anibal Sanchez,,SP,,,,,815,946,880.5
859,Jason Vosler,SF,3B,,,,,816,987,901.5
860,Ka'ai Tom,PIT,"CF,LF,RF",,,,,819,851,835
861,Triston Casas,BOS,"1B,3B",,,,,850,819,834.5
862,Dillon Tate,BAL,RP,,,,,821,877,849
863,Matt Liberatore,STL,SP,,,,,822,825,823.5
864,Zach McKinstry,LAD,"2B,3B,LF,RF",,,,,823,858,840.5
865,Ryan Tepera,CHC,RP,,,,,824,954,889
866,Asa Lacy,KC,"RP,SP",,,,,938,828,883
867,Simeon Woods-Richardson,TOR,SP,,,,,828,887,857.5
868,Duane Underwood Jr.,PIT,RP,,,,,1034,829,931.5
869,Cal Raleigh,SEA,C,,,,,829,905,867
870,Franklin Barreto,LAA,2B,,,,,830,915,872.5
871,Hyeon-jong Yang,TEX,"RP,SP",,,,,921,831,876
872,Jahmai Jones,BAL,2B,,,,,831,832,831.5
873,Jordan Luplow,CLE,"CF,LF,RF",,,,,832,896,864
874,Reid Detmers,LAA,SP,,,,,919,838,878.5
875,Greg Bird,COL,1B,,,,,838,891,864.5
876,Emerson Hancock,SEA,SP,,,,,1251,839,"1,045.00"
877,Christin Stewart,DET,LF,,,,,840,972,906
878,Miguel Yajure,PIT,RP,,,,,844,875,859.5
879,Yoelkis Cespedes,CWS,OF,,,,,845,893,869
880,Drew Rasmussen,TB,RP,,,,,851,846,848.5
881,Braxton Garrett,MIA,SP,,,,,852,960,906
882,Josh Palacios,TOR,"CF,RF",,,,,1057,855,956
883,Taylor Clarke,ARI,"SP,RP",,,,,855,913,884
884,Homer Bailey,OAK,SP,,,,,856,922,889
885,Touki Toussaint,ATL,"SP,RP",,,,,859,964,911.5
886,Jose Rojas,LAA,"2B,3B,LF,RF",,,,,861,869,865
887,Trevor Richards,MIL,"SP,RP",,,,,863,900,881.5
888,Yonathan Daza,COL,"CF,LF,RF",,,,,865,974,919.5
889,Anthony Kay,TOR,"RP,SP",,,,,868,935,901.5
890,Chris Rodriguez,LAA,"RP,SP",,,,,870,897,883.5
891,Jordan Groshans,TOR,"3B,SS",,,,,1237,873,"1,055.00"
892,Taylor Walls,TB,SS,,,,,877,971,924
893,Justin Williams,STL,"LF,RF",,,,,878,994,936
894,Ben Gamel,PIT,"LF,CF,RF",,,,,881,920,900.5
895,Corbin Carroll,ARI,CF,,,,,1100,883,991.5
896,Grayson Rodriguez,BAL,SP,,,,,890,943,916.5
897,Sheldon Neuse,LAD,"2B,3B",,,,,891,911,901
898,T.J. Zeuch,TOR,"SP,RP",,,,,1062,892,977
899,Devin Smeltzer,MIN,"SP,RP",,,,,900,968,934
900,Erick Fedde,WSH,"SP,RP",,,,,903,965,934
901,Riley Greene,DET,CF,,,,,905,918,911.5
902,Ben Bowden,COL,"CF,RP",,,,,1173,910,"1,041.50"
903,Luis Rengifo,LAA,"2B,3B,RF,SS",,,,,933,917,925
904,Jeff Samardzija,,SP,,,,,918,969,943.5
905,Anthony Misiewicz,SEA,RP,,,,,925,993,959
906,Brooks Raley,HOU,RP,,,,,956,926,941
907,Wilmer Difo,PIT,"2B,3B,SS",,,,,1184,928,"1,056.00"
908,Jorge Lopez,BAL,"SP,RP",,,,,928,963,945.5
909,Miguel Castro,NYM,RP,,,,,929,937,933
910,Ryan Borucki,TOR,RP,,,,,946,940,943
911,Estevan Florial,NYY,CF,,,,,1083,945,"1,014.00"
912,Brennen Davis,CHC,"LF,CF",,,,,1074,947,"1,010.50"
913,Trent Thornton,TOR,"RP,SP",,,,,950,950,950
914,Mike Leake,,SP,,,,,989,951,970
915,Ildemaro Vargas,ARI,"2B,3B",,,,,1102,955,"1,028.50"
916,Kristian Robinson,ARI,CF,,,,,955,979,967
917,Travis Swaggerty,PIT,CF,,,,,962,984,973
918,Jose Martinez,NYM,"RF,DH",,,,,968,999,983.5
919,Taylor Jones,HOU,"1B,DH",,,,,1248,973,"1,110.50"
920,Cionel Perez,CIN,RP,,,,,1151,985,"1,068.00"
921,Josh Lester,DET,1B,,,,,1285,995,"1,140.00"
